customer_id,prediction
0002-ORFBO,0
0004-TLHLJ,1
0014-BMAQU,0
0023-UYUPN,0
0023-XUOPT,1
0027-KWYKW,0
0031-PVLZI,0
0042-RLHYP,0
0052-YNYOT,0
0056-EPFBG,0
0060-FUALY,1
0064-SUDOG,0
0080-EMYVY,0
0080-OROZO,0
0094-OIFMO,1
0106-GHRQR,0
0107-WESLM,1
0107-YHINA,1
0111-KLBQG,0
0117-LFRMW,0
0122-OAHPZ,1
0129-KPTWJ,1
0136-IFMYD,0
0142-GVYSN,1
0147-ESWWR,1
0151-ONTOV,0
0156-FVPTA,0
0168-XZKBB,1
0174-QRVVY,0
0178-CIIKR,0
0178-SZBHO,0
0193-ESZXP,0
0197-PNKNK,0
0214-JHPFW,0
0219-YTZUE,0
0231-LXVAP,0
0233-FTHAV,0
0234-TEVTT,0
0244-LGNFY,0
0257-ZESQC,1
0260-ZDLGK,0
0265-EDXBD,1
0269-XFESX,0
0270-THENM,0
0274-JKUJR,0
0281-CNTZX,0
0301-KOBTQ,0
0303-UNCIP,0
0305-SQECB,0
0322-YINQP,0
0325-XBFAC,1
0326-VDYXE,0
0327-WFZSY,0
0329-GTIAJ,1
0334-GDDSO,1
0337-CNPZE,1
0343-QLUZP,0
0345-HKJVM,1
0345-XMMUG,0
0354-WYROK,1
0363-SVHYR,0
0365-GXEZS,0
0365-TRTPY,0
0366-NQSHS,0
0374-AACSZ,0
0374-IOEGQ,1
0380-NEAVX,0
0384-LPITE,0
0394-YONDK,0
0396-HUJBP,0
0404-SWRVG,0
0406-BPDVR,0
0410-IPFTY,1
0415-MOSGF,0
0423-UDIJQ,0
0431-APWVY,0
0434-CSFON,1
0440-QEXBZ,1
0442-TDYUO,0
0458-HEUZG,0
0459-SPZHJ,0
0461-CVKMU,0
0464-WJTKO,0
0486-HECZI,0
0486-LGCCH,0
0487-RPVUM,0
0491-KAPQG,1
0508-OOLTO,0
0511-JTEOY,0
0515-YPMCW,0
0516-WJVXC,0
0519-DRGTI,0
0519-XUZJU,0
0526-SXDJP,0
0530-IJVDB,0
0531-XBKMM,0
0541-FITGH,0
0549-CYCQN,0
0556-FJEGU,0
0562-KBDVM,0
0564-JJHGS,1
0564-MUUQK,0
0567-GGCAC,0
0576-WNXXC,1
0585-EGDDA,1
0595-ITUDF,0
0596-BQCEQ,1
0599-XNYDO,1
0601-WZHJF,1
0602-DDUML,0
0604-THJFP,0
0607-MVMGC,0
0613-WUXUM,0
0620-XEFWH,0
0626-QXNGV,0
0634-SZPQA,1
0637-UBJRP,0
0640-YJTPY,0
0643-OKLRP,1
0650-BWOZN,0
0665-XHDJU,0
0668-OGMHD,0
0674-DGMAQ,0
0674-GCDXG,0
0675-NCDYU,0
0691-IFBQW,0
0697-ZMSWS,1
0701-RFGFI,0
0708-LGSMF,1
0722-SVSFK,1
0723-DRCLG,1
0723-FDLAY,0
0725-CXOTM,0
0730-BGQGF,0
0730-KOAVE,0
0742-LAFQK,0
0750-EBAIU,0
0754-UKWQP,1
0757-WCUUZ,0
0761-AETCS,1
0772-GYEQQ,0
0786-IVLAW,0
0786-VSSUD,1
0795-LAFGP,0
0811-GSDTP,0
0813-TAXXS,0
0823-HSCDJ,1
0831-JNISG,0
0835-JKADZ,0
0839-JTCUD,0
0842-IWYCP,0
0843-WTBXE,0
0862-PRCBS,0
0870-VEMYL,0
0872-JCPIB,0
0883-EIBTI,0
0902-RFHOF,0
0906-QVPMS,0
0916-QOFDP,0
0927-CNGRH,0
0930-EHUZA,0
0931-MHTEM,0
0945-TSONX,0
0946-CLJTI,1
0946-FKYTX,0
0958-YHXGP,0
0962-CQPWQ,0
0988-AADSA,0
0988-JRWWP,1
0993-OSGPT,0
0999-QXNSA,0
1010-DIAUQ,0
1015-JPFYW,0
1015-OWJKI,0
1017-FBQMM,0
1024-GUALD,1
1035-IPQPU,1
1036-GUDCL,0
1052-QJIBV,0
1053-MXTTK,0
1060-ENTOF,0
1061-PNTHC,0
1069-QJOEE,0
1073-XXCZD,0
1077-HUUJM,0
1087-UDSIH,0
1088-AUUZZ,0
1090-ESELR,0
1095-JUDTC,1
1095-WGNGG,0
1096-ADRUX,0
1104-TNLZA,1
1106-HRLKZ,0
1121-QSIVB,0
1125-SNVCK,0
1131-ALZWV,0
1131-SUEKT,0
1134-YWTYF,0
1135-LMECX,0
1142-IHLOO,0
1150-FTQGN,0
1150-WFARN,0
1156-ZFYDO,1
1162-ECVII,0
1163-ONYEY,0
1167-OYZJF,0
1170-SASML,0
1183-CANVH,0
1194-HVAIF,0
1194-SPVSP,0
1196-AMORA,1
1208-DNHLN,0
1208-NBVFH,1
1217-VASWC,0
1218-VKFPE,0
1219-NNDDO,1
1222-KJNZD,0
1228-FZFRV,0
1237-WIYYZ,0
1241-FPMOF,0
1245-HARPS,0
1248-DYXUB,0
1251-KRREG,0
1254-IZEYF,1
1258-YMZNM,0
1264-BYWMS,1
1265-BCFEO,0
1268-ASBGA,1
1273-MTETI,1
1293-BSEUN,0
1297-VQDRP,0
1304-NECVQ,1
1320-GVNHT,0
1323-OOEPC,1
1334-PDUKM,0
1335-NTIUC,1
1338-CECEE,0
1345-ZUKID,0
1355-KUSBG,0
1356-MKYSK,0
1370-GGAWX,0
1371-DWPAZ,0
1371-OJCEK,0
1371-WEPDS,0
1395-OFUWC,0
1395-WSWXR,0
1400-MMYXY,1
1401-FTHFQ,0
1402-PTHGN,0
1403-LKLIK,0
1406-PUQVY,0
1442-BQPVU,0
1447-GIQMR,1
1448-PWKYE,1
1452-UZOSF,0
1455-ESIQH,1
1455-HFBXA,0
1470-PSXNM,0
1472-TNCWL,1
1482-OXZSY,0
1488-PBLJN,0
1493-AMTIE,0
1498-DQNRX,0
1508-DFXCU,1
1513-XNPPH,0
1518-VOWAV,1
1522-VVDMG,1
1530-ZTDOZ,0
1534-OULXE,0
1536-YHDOE,0
1552-CZCLL,0
1555-HAPSU,0
1557-EMYVT,0
1559-DTODC,0
1563-IWQEX,0
1564-HJUVY,1
1568-BEKZM,0
1573-LGXBA,0
1577-HKTFG,0
1582-RAFML,0
1585-MQSSU,0
1602-IJQQE,0
1612-EOHDH,0
1628-BIZYP,1
1636-NTNCO,0
1642-HMARX,0
1656-DRSMG,0
1661-CZBAU,0
1663-MHLHE,0
1678-FYZOW,1
1685-BQULA,1
1696-HXOWK,0
1697-LYYYX,0
1698-XFZCI,0
1722-LDZJS,0
1725-IQNIY,0
1728-BQDMA,0
1728-CXQBE,0
1729-VLAZJ,0
1732-VHUBQ,0
1735-XMJVH,0
1740-CSDJP,1
1751-NCDLI,0
1760-CAZHT,0
1761-AEZZR,1
1776-SPBWV,0
1796-JANOW,0
1809-DMJHQ,0
1810-MVMAI,0
1813-JLKWR,0
1814-DKOLC,0
1816-FLZDK,0
1833-TCXKK,1
1834-WULEG,0
1840-BIUOG,0
1843-TLSGD,0
1852-XEMDW,0
1853-ARAAQ,1
1855-CFULU,0
1866-OBPNR,0
1866-ZSLJM,0
1871-MOWRM,0
1875-QIVME,0
1891-FZYSA,1
1891-QRQSA,0
1895-QTKDO,0
1898-JSNDC,0
1904-WAJAA,0
1918-ZBFQJ,0
1930-WNXSB,1
1932-UEDCX,1
1934-MKPXS,0
1942-OQFRW,1
1945-XISKS,0
1958-RNRKS,1
1976-AZZPJ,0
2000-MPKCA,0
2003-CKLOR,1
2013-SGDXK,1
2018-QKYGT,0
2034-GDRCN,1
2038-OEQZH,1
2039-JONDJ,0
2045-BMBTJ,0
2055-SIFSS,0
2056-EVGZL,0
2057-BOYKM,0
2061-VVFST,0
2074-GUHPQ,0
2081-KJSQF,0
2081-VEYEH,1
2082-OJVTK,1
2091-MJTFX,0
2097-YVPKN,0
2100-BDNSN,0
2103-ZRXFN,0
2108-GLPQB,0
2108-YKQTY,0
2111-DWYHN,0
2122-SZZZD,0
2126-GSEGL,0
2135-RXIHG,1
2144-ESWKO,0
2146-EGVDT,0
2150-WLKUW,0
2153-MREFK,0
2154-KVJFF,1
2159-TURXX,0
2164-SOQXL,0
2169-RRLFW,0
2178-PMGCJ,0
2189-UXTKY,0
2190-BCXEC,0
2203-GHNWN,0
2207-OBZNX,0
2208-NQBCT,0
2211-RMNHO,0
2228-BZDEE,0
2233-TXSIU,0
2234-EOFPT,0
2235-EZAIK,0
2235-ZGKPT,0
2239-CFOUJ,0
2239-CGBUZ,0
2239-JALAW,0
2240-HSJQD,0
2250-IVBWA,0
2252-JHJGE,0
2253-KPMNB,0
2267-FPIMA,0
2267-WTPYD,0
2270-CHBFN,0
2272-JKMSI,0
2272-QAGFO,1
2274-XUATA,0
2282-YGNOR,0
2293-IJWPS,0
2294-DMMUS,0
2296-DKZFP,0
2302-ANTDP,1
2305-MRGLV,0
2308-STERM,0
2311-QYMUQ,1
2314-TNDJQ,0
2320-YKQBO,0
2321-OMBXY,0
2322-VCZHZ,1
2323-ARSVR,0
2324-AALNO,0
2325-NBPZG,0
2335-GSODA,0
2346-LOCWC,0
2351-BKRZW,0
2351-RRBUE,0
2359-KLTEK,0
2371-JUNGC,0
2378-VTKDH,1
2386-LAHRK,0
2387-KDZQY,0
2391-SOORI,0
2397-BRLOM,1
2398-YPMUR,1
2402-TAIRZ,0
2403-BCASL,0
2436-QBZFP,0
2439-LYPMQ,0
2446-ZKVAF,0
2450-ZKEED,0
2451-YMUXS,0
2452-KDRRH,0
2460-FPSYH,1
2466-NEJOJ,0
2468-SJFLM,0
2475-MROZF,0
2478-EEWWM,1
2480-JZOSN,1
2481-SBOYW,0
2484-DGXPZ,0
2504-DSHIH,0
2511-MORQY,0
2519-LBNQL,0
2519-TWKFS,0
2520-SGTTA,0
2530-FMFXO,0
2533-QVMSK,0
2533-TIBIX,0
2535-PBCGC,0
2546-KZAAT,0
2560-PPCHE,0
2560-QTSBS,0
2568-OIADY,1
2569-WGERO,0
2576-HXMPA,0
2577-GVSIL,0
2585-KTFRE,0
2592-SEIFQ,0
2608-BHKFN,0
2609-IAICY,1
2612-RANWT,1
2632-IVXVF,0
2634-HCZGT,0
2640-PMGFL,0
2650-GYRYL,0
2654-VBVPB,0
2656-FMOKZ,0
2657-ALMWY,1
2657-VPXTA,0
2667-WYLWJ,0
2672-OJQZP,0
2675-DHUTR,0
2675-IJRGJ,0
2676-SSLTO,0
2691-NZETQ,1
2692-PFYTJ,0
2694-CIUMO,0
2712-SYWAY,1
2717-HVIZY,0
2718-YSKCS,0
2719-BDAQO,0
2722-JMONI,1
2724-FJDYW,0
2725-IWWBA,0
2737-WFVYW,1
2739-CCZMB,0
2746-DIJLO,0
2754-SDJRD,0
2754-VDLTR,1
2786-GCDPI,1
2789-CZANW,0
2789-HQBOU,1
2791-SFVEW,0
2792-VPPET,1
2794-XIMMO,0
2796-NNUFI,0
2799-TSLAG,0
2800-VEQXM,0
2801-NISEI,0
2815-CPTUL,1
2823-LKABH,0
2824-DXNKN,0
2826-UWHIS,0
2828-SLQPF,1
2834-JRTUA,0
2843-CQMEG,0
2848-YXSMW,0
2851-STERV,0
2856-NNASM,1
2858-EIMXH,0
2860-RANUS,1
2862-PFNIK,0
2865-TCHJW,1
2866-IKBTM,0
2867-UIMSS,0
2876-GZYZC,1
2878-DHMIN,0
2882-DDZPG,0
2884-GBPFB,1
2886-KEFUM,0
2887-JPYLU,0
2888-ADFAO,0
2890-WFBHU,0
2911-IJORQ,0
2931-FSOHN,1
2931-VUVJN,0
2955-BJZHG,1
2959-FENLU,1
2959-MJHIC,1
2961-VNFKL,0
2962-XPMCQ,1
2968-SSGAA,1
2984-TBYKU,0
2985-FMWYF,1
2996-XAUVF,0
3003-CMDUU,1
3021-VLNRJ,0
3026-ATZYV,0
3027-YNWZU,0
3027-ZTDHO,1
3030-YDNRM,1
3030-ZKIWL,0
3038-PQIUY,0
3045-XETSH,1
3050-GBUSH,1
3062-ICYZQ,0
3069-SSVSN,0
3070-FNFZQ,0
3074-GQWYX,0
3079-BCHLN,0
3084-DOWLE,0
3085-QUOZK,0
3088-FVYWK,0
3092-IGHWF,0
3094-JOJAI,0
3096-JRDSO,0
3096-WPXBT,0
3113-IWHLC,0
3115-CZMZD,0
3115-JPJDD,0
3118-UHVVQ,0
3138-BKYAV,1
3144-KMTWZ,0
3154-CFSZG,0
3158-MOERK,1
3162-KKZXO,0
3164-YAXFY,1
3166-PNEOF,0
3178-CIFOT,0
3198-VELRD,0
3199-XGZCY,1
3200-MNQTF,0
3209-ZPKFI,0
3221-CJMSG,0
3243-ZHOHY,0
3247-ZVOUO,1
3251-YMVWZ,0
3258-ZKPAI,0
3278-FSIXX,0
3279-DYZQM,0
3280-NMUVX,0
3282-ZISZV,0
3284-SVCRO,0
3285-UCQVC,0
3313-QKNKB,0
3329-WDIOK,1
3331-HQDTW,0
3339-EAQNV,0
3345-PBBFH,0
3346-BRMIS,1
3351-NGXYI,0
3351-NQLDI,0
3352-ALMCK,1
3363-DTIVD,0
3363-EWLGO,0
3373-DIUUN,0
3374-LXDEV,0
3387-VATUS,1
3398-GCPMU,0
3407-JMJQQ,0
3410-MHHUM,0
3410-YOQBQ,0
3411-WLRSQ,1
3419-SNJJD,0
3423-HHXAO,0
3442-ZHHCC,0
3450-WXOAT,0
3452-GWUIN,0
3460-TJBWI,0
3466-WAESX,0
3474-BAFSJ,0
3481-JHUZH,1
3488-PGMQJ,1
3511-APPBJ,0
3521-HTQTV,0
3523-BRGUW,0
3530-CRZSB,0
3530-VWVGU,0
3536-IQCTX,1
3552-CTCYF,0
3557-HTYWR,0
3565-UNOCC,1
3566-CAAYU,0
3567-PQTSO,0
3570-YUEKJ,1
3577-AMVUX,0
3584-WKTTW,0
3590-TCXTB,0
3594-BDSOA,0
3597-MVHJT,1
3621-CEOVK,1
3627-FCRDW,1
3635-JBPSG,0
3638-VBZTA,0
3639-XJHKQ,0
3640-PHQXK,1
3643-AHCFP,1
3646-ITDGM,0
3647-GMGDH,1
3648-GZPHF,0
3658-QQJYD,0
3663-MITLP,1
3669-LVWZB,0
3669-OYSJI,0
3677-TNKIO,0
3678-MNGZX,0
3685-YLCMQ,0
3703-KBKZP,0
3703-TTEPD,0
3705-PSNGL,0
3714-NTNFO,1
3717-OFRTN,0
3722-WPXTK,1
3723-BFBGR,0
3727-JEZTU,0
3729-OWRVL,0
3737-GCSPV,0
3744-ZBHON,1
3745-HRPHI,0
3748-FVMZZ,0
3750-CKVKH,1
3750-YHRYO,0
3753-TSEMP,1
3761-FLYZI,0
3766-EJLFL,0
3768-NLUBH,1
3774-VBNXY,0
3785-NRHYR,0
3796-ENZGF,0
3801-HMYNL,0
3807-BPOMJ,0
3808-HFKDE,1
3813-DHBBB,0
3823-KYNQY,0
3842-QTGDL,0
3845-JHAMY,0
3850-OKINF,0
3858-XHYJO,0
3870-SPZSI,0
3873-NFTGI,1
3873-WOSBC,0
3877-JRJIP,1
3878-AVSOQ,0
3889-VWBID,0
3892-NXAZG,0
3896-ZVNET,0
3900-AQPHZ,0
3902-FOIGH,1
3902-MIVLE,0
3908-BLSYF,0
3910-MRQOY,0
3911-RSNHI,0
3914-FDRHP,0
3926-CUQZX,0
3926-YZVVX,0
3932-CMDTD,0
3934-HXCFZ,1
3946-MHCZW,0
3957-LXOLK,1
3961-SXAXY,0
3981-QSVQI,0
3985-HOYPM,0
3987-KQDDU,0
4000-VGMQP,0
4010-YLMVT,0
4012-YCFAI,0
4020-KIUDI,0
4026-SKKHW,0
4029-HPFVY,0
4032-RMHCI,0
4039-HEUNW,1
4049-ZPALD,0
4070-OKWVH,1
4074-SJFFA,0
4078-SAYYN,1
4086-WITJG,0
4118-CEVPF,0
4121-AGSIN,0
4123-DVHPH,1
4123-FCVCB,0
4124-MMETB,1
4128-ETESU,1
4130-MZLCC,0
4132-KALRO,0
4139-DETXS,0
4139-JPIAM,0
4140-MUHUG,1
4146-SVFUD,0
4159-NAAIX,0
4163-KIUHY,1
4176-RELJR,0
4177-JPDFU,0
4183-WCSEP,1
4194-FJARJ,0
4194-WHFCB,0
4195-PNGZS,0
4226-KKDON,1
4234-XTNEA,1
4236-UJPWO,0
4236-XPXAV,0
4237-CLSMM,0
4237-RLAQD,0
4255-DDUOU,0
4256-ZWTZI,0
4277-PVRAN,1
4285-GYRQC,1
4290-BSXUX,0
4293-ETKAP,0
4298-OYIFC,1
4301-VVZKA,1
4307-KWMXE,0
4310-KEDTB,0
4317-VTEOA,1
4329-YPDDQ,0
4332-MUOEZ,0
4334-HOWRP,0
4343-EJVQB,0
4349-GFQHK,0
4350-ZTLPI,0
4359-INNWN,0
4391-RESHN,0
4395-PZMSN,0
4396-KLSEH,1
4412-YLTKF,1
4419-UJMUS,0
4423-JWZJN,0
4424-TKOPW,1
4433-JCGCG,1
4450-DLLMH,1
4450-YOOHP,1
4452-ROHMO,0
4464-JCOLN,0
4468-YDOVK,0
4471-KXAUH,1
4476-OSWTN,0
4480-QQRHC,0
4482-FTFFX,0
4484-GLZOU,1
4489-SNOJF,0
4500-HKANN,0
4505-EXZHB,1
4521-WFJAI,0
4522-AKYLR,0
4523-WXCEF,1
4525-VZCZG,0
4526-RMTLL,0
4536-PLEQY,0
4538-WNTMJ,0
4546-FOKWR,0
4547-KQRTM,1
4554-YGZIH,0
4568-TTZRT,0
4570-QHXHL,1
4572-DVCGN,0
4573-JKNAE,0
4580-TMHJU,1
4585-HETAI,1
4607-CHPCA,0
4608-LCIMN,0
4611-ANLQC,0
4614-NUVZD,1
4627-MIHJH,0
4636-QRJKY,1
4644-PIZRT,0
4652-ODEVH,0
4662-EKDPQ,0
4670-TABXH,0
4674-HGNUA,0
4676-MQUEA,0
4678-DVQEO,1
4680-KUTAJ,0
4685-TFLLS,0
4686-GEFRM,0
4690-PKDQG,1
4693-VWVBO,1
4694-PHWFW,0
4695-VADHF,1
4701-AHWMW,0
4701-LKOZD,0
4702-HDRKD,0
4703-MQYKT,0
4712-AUQZO,0
4713-LZDRV,1
4716-HHKQH,0
4719-UMSIY,0
4720-VSTSI,1
4729-XKASR,0
4730-AWNAU,0
4732-RRJZC,0
4737-HOBAX,0
4741-WWJQZ,0
4742-TXUEX,0
4751-ERMAN,0
4759-PXTAN,0
4759-TRPLW,0
4760-THGOT,0
4763-PGDPO,0
4770-UEZOX,1
4778-IZARL,0
4785-QRJHC,0
4789-KWMXN,0
4791-QRGMF,0
4795-UXVCJ,0
4797-AXPXK,0
4800-CZMPC,0
4807-IZYOZ,0
4811-JBUVU,0
4817-QRJSX,0
4817-VYYWS,1
4819-HJPIW,0
4826-DXMUP,0
4826-TZEVA,0
4826-XTSOH,1
4827-LTQRJ,0
4829-AUOAX,1
4829-ZLJTK,0
4831-EOBFE,0
4837-QUSFT,0
4847-TAJYI,0
4849-PYRLQ,0
4853-RULSV,0
4855-SNKMY,1
4859-ZSRDZ,0
4860-IJUDE,0
4869-EPIUS,0
4877-EVATK,0
4881-GQJTW,0
4881-JVQOD,0
4884-LEVMQ,0
4884-TVUQF,0
4892-VLANZ,0
4900-MSOMT,0
4903-UYAVB,0
4906-ZHGPK,0
4910-GMJOT,1
4911-BANWH,1
4915-BFSXL,0
4919-IKATY,1
4919-MOAVT,1
4945-RVMTE,1
4952-YSOGZ,1
4955-VCWBI,0
4958-GZWIY,1
4971-PUYQO,1
4983-CLMLV,0
4988-IQIGL,1
4994-OBRSZ,0
4999-IEZLT,0
5003-XZWWO,0
5010-IPEAQ,0
5012-YSPJJ,0
5014-WUQMG,0
5016-LIPDW,0
5022-JNQEQ,0
5025-GOOKI,0
5027-YOCXN,0
5035-BVCXS,0
5043-TRZWM,0
5044-XDPYX,0
5055-MGMGF,1
5056-FIMPT,0
5057-RKGLH,0
5061-PBXFW,0
5062-CJJKH,0
5067-WJEUN,0
5073-RZGBK,0
5075-JSDKI,0
5076-YVXCM,0
5090-EMGTC,0
5093-FEGLU,0
5095-ETBRJ,0
5110-CHOPY,0
5115-GZDEL,0
5117-IFGPS,0
5127-BZENZ,0
5133-POWUA,0
5135-GRQJV,0
5149-CUZUJ,0
5158-RIVOP,0
5168-MSWXT,0
5172-MIGPM,0
5173-WXOQV,0
5175-AOBHI,0
5176-LMJXE,0
5176-OLSKT,0
5178-LMXOP,1
5183-SNMJQ,0
5197-YPYBZ,0
5199-FPUSP,0
5201-CBWYG,0
5201-USSQZ,0
5207-PLSTK,0
5222-IMUKT,1
5222-JCXZT,0
5223-UZAVK,0
5229-PRWKT,1
5232-NXPAY,0
5233-AOZUF,1
5243-SAOTC,0
5248-RPYWW,0
5271-DBYSJ,1
5274-XHAKY,0
5275-SQEIZ,1
5276-KQWHG,1
5278-PNYOX,0
5286-YHCVC,0
5293-WXJAK,1
5294-DMSFH,0
5299-RULOA,0
5306-BVTKJ,0
5310-NOOVA,0
5312-UXESG,0
5321-NTRKC,0
5334-JLAXU,0
5337-IIWKZ,0
5339-TJFEK,0
5353-WILCI,0
5364-EVNIB,1
5366-IJEQJ,1
5376-PCKNB,0
5378-IKEEG,1
5380-XPJNZ,0
5383-MMTWC,1
5384-ZTTWP,0
5389-FFVKB,1
5392-AKEMH,1
5399-ZIMKF,1
5402-HTOTQ,0
5404-GGUKR,1
5405-ZMYXQ,0
5406-KGRMX,0
5419-KLXBN,1
5423-BHIXO,1
5424-RLQLC,1
5438-QMDDL,0
5440-VHLUL,0
5442-BHQNG,0
5442-BXVND,0
5442-UTCVD,1
5443-SCMKX,0
5445-GLVOT,1
5445-UTODQ,1
5446-DKWYW,0
5447-VYTKW,0
5447-WZAFP,0
5448-VWNAM,0
5461-QKNTN,0
5469-CTCWN,0
5480-HPRRX,1
5485-ITNPC,0
5498-TXHLF,1
5504-WSIUR,0
5519-YLDGW,1
5533-NHFRF,0
5536-SLHPM,1
5539-HIVAK,0
5542-DHSXL,0
5546-QUERU,0
5553-AOINX,0
5561-NWEVX,1
5562-YJQGT,0
5565-FILXA,1
5566-SOEZD,0
5570-PTWEH,0
5575-GNVDE,0
5600-KTXFM,0
5600-PDUJF,0
5602-BVFMK,0
5606-AMZBO,0
5609-CEBID,1
5609-IMCGG,0
5614-DNZCE,0
5624-BQSSA,0
5626-MGTUK,0
5630-IXDXV,1
5647-FXOTP,1
5650-YLIBA,1
5651-CPDND,0
5651-CRHKQ,0
5651-YLPRD,0
5656-JAMLX,0
5656-MJEFC,0
5663-QBGIS,0
5666-CYCYZ,0
5666-MBJPT,0
5669-SRAIP,1
5686-CMAWK,0
5687-DKDTV,0
5688-KZTSN,0
5696-EXCYS,0
5696-JVVQY,0
5698-BQJOH,0
5701-GUXDC,0
5702-KVQRD,0
5712-PTIWW,1
5727-MYATE,0
5732-IKGQH,0
5736-YEJAX,0
5747-PMBSQ,1
5748-RNCJT,0
5756-OZRIO,0
5760-FXFVO,1
5774-QPLTF,0
5777-KJIRB,0
5777-ZPQNC,0
5781-RFZRP,0
5788-YPOEG,0
5792-JALQC,0
5793-YOLJN,0
5799-JRCZO,0
5804-LEPIM,1
5811-IWXYM,0
5837-LXSDN,0
5847-MXBEO,0
5855-EIBDE,0
5868-CZJDR,0
5868-YWPDW,1
5872-OEQNH,0
5879-HMFFH,0
5879-SESNB,0
5886-VLQVU,0
5889-LFOLL,1
5893-PYOLZ,0
5898-IGSLP,0
5902-WBLSE,0
5906-DVAPM,0
5908-QMGOE,1
5914-GXMDA,0
5916-QEWPT,1
5919-VCZYM,0
5928-QLDHB,1
5930-GBIWP,0
5934-RMPOV,0
5939-XAIXZ,0
5948-UJZLF,0
5951-AOFIH,0
5955-EPOAZ,0
5956-YHHRX,0
5966-EMAZU,0
5970-GHJAW,0
5973-EJGDP,0
5980-BDHPY,0
5982-FPVQN,0
5982-PSMKW,0
5989-PGKJB,1
5993-JSUWV,0
5995-OIGLP,0
5995-SNNEW,1
6015-VVHHE,1
6016-LVTJQ,0
6030-REHUX,0
6035-BXTTY,0
6048-QBXKL,1
6051-PTVNS,0
6061-PQHMK,0
6067-NGCEU,0
6072-NUQCB,0
6075-QMNRR,0
6075-SLNIL,0
6092-QZVPP,0
6100-QQHEB,1
6110-OHIHY,1
6112-KTHFQ,0
6121-VZNQB,0
6122-EFVKN,0
6128-CZOMY,1
6131-IUNXN,0
6134-KWTBV,0
6140-QNRQQ,0
6147-CBCRA,0
6156-UZDLF,0
6164-HXUGH,0
6166-ILMNY,0
6169-PGNCD,0
6172-FECYY,1
6173-GOLSU,0
6175-IRFIT,0
6178-KFNHS,0
6179-GJPSO,0
6180-YBIQI,0
6199-IPCAO,0
6202-DYYFX,0
6203-HBZPA,0
6210-KBBPI,1
6211-WHMYA,1
6212-ATMLK,1
6227-HWPWX,0
6229-UOLQL,0
6233-HXJMX,0
6234-PFPXL,0
6234-RAAPL,0
6253-GNHWH,0
6258-PVZWJ,0
6259-WJQLC,0
6265-FRMTQ,0
6265-SXWBU,0
6270-OMFIW,0
6286-ZHAOK,0
6297-NOOPG,0
6298-QDFNH,1
6304-IJFSQ,1
6313-GIDIT,1
6317-YPKDH,0
6319-IEJWJ,1
6326-MTTXK,1
6332-FBZRI,0
6338-AVWCY,0
6339-RZCBJ,0
6339-TBELP,0
6339-YPSAH,1
6341-AEVKX,0
6345-HOVES,1
6345-ULYRW,0
6347-DCUIK,0
6352-TWCAU,1
6362-QHAFM,0
6365-MTGZX,1
6366-ZGQGL,0
6380-ARCEH,0
6388-TABGU,0
6390-DSAZX,0
6400-BWQKW,1
6407-UTSLV,0
6408-WHTEF,0
6413-XKKPU,1
6416-JNVRK,0
6416-TVAIH,1
6419-ZTTLE,0
6425-YQLLO,0
6432-TWQLB,1
6437-UKHMV,1
6439-GTPCA,0
6439-PKTRR,0
6447-GORXK,0
6457-USBER,1
6461-SZMCV,0
6469-MRVET,0
6474-FVJLC,1
6479-OAUSD,0
6479-SZPLM,0
6480-YAGIY,0
6481-OGDOO,0
6497-TILVL,0
6502-MJQAE,1
6507-ZJSUR,0
6518-PPLMZ,0
6522-YRBXD,0
6537-OTKMY,0
6559-RAKOZ,0
6563-VRERX,0
6568-POCUI,0
6572-ADKRS,0
6583-SZVGP,0
6585-WCEWR,0
6586-PSJOX,0
6595-COKXZ,1
6599-GZWCM,0
6614-FHDBO,0
6625-FLENO,0
6625-IUTTT,0
6625-UTXEW,1
6646-JPPHA,1
6670-MFRPK,0
6692-YQHXC,0
6693-DJWTY,0
6695-AMZUF,0
6701-DHKWQ,0
6710-HSJRD,1
6723-WSNTY,0
6727-IOTLZ,0
6728-CZFEI,0
6728-VOIFY,0
6732-VAILE,0
6734-FQAJX,0
6734-GMPVK,1
6734-JDTTV,0
6734-PSBAW,0
6738-ISCBM,0
6741-EGCBI,0
6743-HHQPF,0
6752-APNJL,0
6762-NSODU,0
6770-UAYGJ,0
6770-XUAGN,1
6772-KSATR,0
6772-WFQRD,0
6797-LNAQX,0
6806-YDEUL,0
6810-VCAEX,0
6813-GZQCG,0
6814-ZPWFQ,0
6827-IEAUQ,0
6834-NXDCA,1
6838-HVLXG,0
6855-VLGOS,0
6861-XWTWQ,1
6862-CQUMB,1
6865-JZNKO,0
6869-FGJJC,0
6870-ZWMNX,0
6888-SBYAI,0
6892-BOGQE,0
6893-ODYYE,0
6900-PXRMS,1
6901-GOGZG,0
6906-ANDWJ,0
6907-CQGPN,0
6918-UMQCG,1
6919-ELBGL,0
6923-JHPMP,0
6927-WTFIV,0
6974-DAFLI,0
6976-BWGLQ,0
6986-IJDHX,0
6994-FGRHH,0
6999-CHVCF,0
7008-LZVOZ,0
7009-LGECI,0
7009-PCARS,0
7011-CVEUC,1
7013-PSXHK,0
7014-ZZXAW,0
7018-FPXHH,0
7020-OZKXZ,0
7029-IJEJK,0
7029-RPUAV,1
7036-ZZKBD,0
7037-MTYVW,0
7044-YAACC,0
7047-YXDMZ,0
7054-DMVAS,0
7054-LGEQW,0
7055-VKGDA,0
7083-MIOPC,0
7096-ZNBZI,0
7105-MXJLL,0
7107-UBYKY,1
7110-BDTWG,0
7113-HIPFI,0
7126-RBHSD,0
7133-VBDCG,0
7136-RVDTZ,0
7142-HVGBG,1
7145-FEJWU,0
7153-CHRBV,0
7157-SMCFK,0
7162-WPHPM,0
7176-WIONM,1
7180-PISOG,1
7181-BQYBV,1
7182-OVLBJ,0
7188-CBBBA,0
7197-VOJMM,0
7206-PQBBZ,0
7207-RMRDB,1
7216-EWTRS,1
7217-JYHOQ,0
7218-HKQFK,1
7228-PAQPD,0
7239-HZZCX,0
7240-ETPTR,1
7242-QZLXF,0
7246-ZGQDF,0
7247-XOZPB,0
7254-IQWOZ,1
7266-GSSJX,0
7270-BDIOA,1
7274-RTAPZ,1
7277-KAMWT,0
7284-ZZLOH,0
7302-ZHMHP,0
7306-YDSOI,0
7311-MQJCH,0
7314-OXENN,1
7317-GGVPB,0
7318-EIVKO,1
7328-OWMOM,0
7336-RLLRH,0
7338-ERIVA,0
7340-KEFQE,0
7356-AYNJP,0
7356-IWLFW,0
7359-WWYJV,0
7361-YPXFS,0
7365-BVCJH,1
7369-TRPFD,0
7398-HPYZQ,0
7401-JIXNM,0
7402-PWYJJ,0
7409-JURKQ,0
7422-WNBTY,1
7434-SHXLS,0
7459-IMVYU,0
7471-MQPOS,0
7473-ZBDSN,0
7479-NITWS,1
7486-KSRVI,0
7501-IWUNG,0
7502-BNYGS,1
7503-QQRVF,1
7504-UWHNB,0
7517-LDMPS,1
7517-SAWMO,0
7526-BEZQB,1
7537-CBQUZ,1
7549-MYGPK,1
7551-DACSP,0
7551-JOHTI,0
7552-KEYGT,0
7560-QJAVJ,0
7568-PODML,1
7570-WELNY,0
7576-OYWBN,1
7577-SWIFR,1
7580-UGXNC,0
7587-RZNME,1
7593-XFKDI,0
7595-EUIVN,1
7598-UAASY,0
7602-DBTOU,0
7609-NRNCA,0
7619-ODSGN,0
7621-VPNET,0
7622-NXQZR,0
7623-TRNQN,0
7629-WIXZF,0
7634-WSWDB,0
7643-RCHXS,0
7647-GYYKX,0
7649-PHJVR,0
7663-CUXZB,0
7663-YJHSN,0
7674-YTAFD,0
7675-OZCZG,1
7677-SJJJK,0
7690-KPNCU,0
7693-QPEFS,0
7696-AMHOD,0
7718-RXDGG,1
7730-IUTDZ,1
7742-MYPGI,0
7750-EYXWZ,0
7754-IXRMC,0
7758-UJWYS,0
7760-OYPDY,0
7762-URZQH,0
7766-CLTIC,0
7771-CFQRQ,0
7776-QGYJC,0
7776-QWNFX,1
7781-EWARA,0
7783-YKGDV,0
7786-WBJYI,0
7789-HKSBS,0
7794-JASDG,0
7799-DSEWS,0
7801-CEDNV,0
7801-KICAO,1
7813-TKCVO,0
7813-ZGGAW,0
7815-PDTHL,0
7817-OMJNA,0
7821-DPRQE,0
7823-JSOAG,0
7825-ECJRF,0
7833-PKIHD,0
7839-NUIAA,0
7851-FLGGQ,0
7853-GVUDZ,0
7853-OETYL,0
7858-GTZSP,1
7872-RDDLZ,1
7876-AEHIG,0
7881-INRLC,1
7895-VONWT,1
7901-HXJVA,0
7908-QCBCA,0
7916-VCCPB,0
7921-BEPCI,0
7924-GJZFI,0
7926-IJOOU,0
7931-PXHFC,0
7945-HLKEA,0
7951-VRDVK,0
7956-XQWGU,0
7957-RYHQD,0
7963-SHNDT,0
7964-VEXDG,0
7968-QUXNS,0
7973-DZRKH,0
7977-HXJKU,0
7979-CORPM,1
7980-MHFLQ,0
7989-VCQOH,0
7996-BPXHY,0
7998-ZLXWN,0
8000-REIQB,1
8008-OTEZX,0
8012-SOUDQ,0
8016-ZMGMO,0
8017-UVSZU,0
8020-BWHYL,1
8024-XNAFQ,0
8033-VCZGH,0
8035-BUYVG,0
8039-ACLPL,0
8040-MNRTF,0
8042-JVNFH,0
8048-DSDFQ,0
8049-WJCLQ,0
8050-WYBND,0
8058-DMYRU,0
8058-INTPH,1
8060-HIWJJ,0
8065-YKXKD,1
8079-XRJRS,0
8083-YTZES,1
8091-TTVAX,0
8096-LOIST,1
8097-OMULG,0
8097-VBQTZ,0
8100-PNJMH,0
8109-YUOHE,0
8111-RKSPX,0
8111-SLLHI,1
8118-LSUEL,1
8123-QBNAZ,0
8143-ETQTI,0
8144-DGHXP,0
8148-NLEGT,0
8155-IBNHG,1
8161-QYMTT,1
8164-OCKUJ,0
8165-CBKXO,0
8168-UQWWF,0
8174-LNWMW,0
8182-PNAGI,0
8183-ONMXC,0
8189-DUKMV,0
8189-HBVRW,0
8201-AAXCB,0
8205-VSLRB,0
8212-CRQXP,0
8221-HVAYI,0
8226-BXGES,0
8232-UTFOZ,0
8242-JSVBO,0
8242-SOQUO,0
8245-UMPYT,1
8249-THVEC,0
8250-ZNGGW,0
8257-RZAHR,1
8260-NGFNY,0
8261-GWDBQ,0
8262-COGGB,0
8266-VBFQL,1
8267-KFGYD,0
8268-YDIXR,0
8270-RKSAP,1
8277-RVRSV,0
8285-ABVLB,0
8290-YWKHZ,1
8292-FRFZQ,0
8305-VHZBZ,0
8309-PPCED,0
8327-WKMIE,0
8332-OSJDW,0
8344-WFMFH,0
8361-LBRDI,0
8372-JUXUI,1
8383-SGHJU,0
8390-FESFV,0
8397-MVTAZ,1
8413-VONUO,1
8414-OOEEL,0
8441-SHIPE,0
8444-WRIDW,1
8445-DNBAE,0
8454-AATJP,0
8465-SBRXP,0
8468-EHYJA,1
8474-UMLNT,0
8485-GJCDN,1
8486-AYEQH,1
8495-PRWFH,1
8498-XXGWA,0
8512-WIWYV,0
8544-GOQSH,0
8550-XSXUQ,0
8561-NMTBD,0
8565-CLBZW,0
8566-YPRGL,0
8573-CGOCC,0
8573-JGCZW,0
8597-CWYHH,0
8606-OEGQZ,0
8623-TMRBY,1
8626-XHBIE,0
8627-EHGIP,0
8631-XVRZL,0
8634-MPHTR,1
8646-JCOMS,0
8650-RHRKE,1
8659-HDIYE,0
8660-BUETV,0
8665-UTDHZ,0
8668-KNZTI,0
8670-MEFCP,0
8699-ASUFO,1
8707-RMEZH,0
8711-LOBKY,0
8715-KKTFG,0
8720-RQSBJ,0
8722-PRFDV,0
8727-XDPUD,0
8740-CRYFY,1
8740-XLHDR,0
8741-LQOBK,0
8748-HFWBO,0
8749-TZYEC,0
8752-GHJFU,0
8769-KKTPH,0
8775-ERLNB,0
8777-MBMTS,0
8777-PVYGU,0
8778-LMWTJ,0
8779-QRDMV,1
8780-RSYYU,0
8780-YRMTT,0
8784-CGILN,0
8785-EPNCG,0
8791-GFXLZ,1
8799-OXZMD,0
8807-ARQET,1
8809-RIHDD,0
8816-VXNZD,1
8821-KVZKQ,0
8822-KNBHV,0
8847-GEOOQ,0
8849-AYPTR,1
8849-PRIQJ,0
8853-TZDGH,0
8868-WOZGU,1
8873-GLDMH,0
8873-TMKGR,0
8878-RYUKI,1
8879-ZKJOF,0
8885-QSQBX,0
8898-KASCD,0
8903-WMRNW,1
8931-GJJIQ,1
8938-UMKPI,1
8945-GRKHX,0
8945-MUQUF,0
8947-YRTDV,0
8963-JLGJT,0
8966-SNIZF,0
8972-HJWNV,1
8976-OQHGT,0
8984-EYLLL,0
8984-HPEMB,0
8985-OOPOS,0
8990-ZXLSU,1
8999-EXMNO,0
9018-PCIOK,0
9027-TMATR,0
9033-EOXWV,0
9039-ZVJDC,0
9046-JBFWA,0
9052-VKDUW,0
9058-HRZSV,0
9074-KGVOX,0
9086-YJYXS,0
9087-EYCPR,0
9089-UOWJG,0
9092-GDZKO,0
9097-ZUBYC,0
9099-FTUHS,0
9101-BWFSS,0
9124-LHCJQ,0
9133-AYJZG,1
9135-HSWOC,0
9142-XMYJH,0
9153-BTBVV,0
9158-VCTQB,0
9163-GHAYE,0
9178-JHUVJ,0
9206-GVPEQ,0
9209-NWPGU,0
9225-BZLNZ,0
9251-AWQGT,0
9253-VIFJQ,0
9259-PACGQ,0
9277-JOOMO,0
9278-VZKCD,0
9286-DOJGF,1
9289-LBQVU,0
9297-EONCV,0
9297-FVVDH,0
9300-AGZNL,1
9314-IJWSQ,0
9314-QDMDW,0
9318-NKNFC,0
9330-IJWIO,1
9339-FIIJL,0
9347-AERRL,0
9348-ROUAI,0
9350-ZXYJC,0
9351-LZYGF,0
9361-YNQWJ,0
9365-CSLBQ,0
9367-OIUXP,0
9373-WSLOY,0
9378-FXTIZ,0
9385-NXKDA,0
9388-ZEYVT,0
9389-ACWBI,0
9391-LMANN,0
9396-ZSFLL,0
9402-ORRAH,0
9415-TPKRV,0
9426-SXNHE,0
9435-JMLSX,0
9444-JTXHZ,1
9445-SZLCH,1
9450-TRJUU,1
9453-PATOS,0
9467-ROOLM,0
9469-WEJBT,1
9470-RTWDV,0
9480-BQJEI,0
9483-GCPWE,0
9489-DEDVP,0
9490-DFPMD,1
9500-WBGRP,0
9513-DXHDA,0
9524-EGPJC,0
9529-OFXHY,0
9530-EHPOH,1
9534-NSXEM,0
9537-VHDTA,0
9541-ZPSEA,0
9548-LIGTA,0
9552-TGUZV,0
9565-DJPIB,0
9565-JSNFM,0
9572-WUKSB,0
9574-BOSMD,0
9574-RKJIF,1
9577-WJVCQ,0
9585-KKMFD,0
9588-OZDMQ,1
9588-YRFHY,0
9591-YVTEB,1
9592-ERDKV,0
9600-NAXZN,1
9611-CTWIH,1
9617-INGJY,0
9620-QJREV,0
9621-OUPYD,0
9629-NHXFW,0
9631-XEYKE,0
9640-ZSLDC,0
9644-KVCNC,0
9644-UMGQA,0
9646-NMHXE,0
9658-WYUFB,1
9661-MHUMO,0
9667-TKTVZ,0
9668-PUGNU,0
9692-TUSXH,1
9701-CDXHR,0
9708-KFDBY,0
9710-NJERN,0
9714-EDSUC,0
9717-IOAAF,0
9732-KPKBW,0
9747-DDZOS,0
9752-ZNQUT,1
9753-OYLBX,0
9754-CLVZW,0
9755-JHNMN,0
9758-MFWGD,0
9763-PDTKK,0
9776-CLUJA,1
9777-IQHWP,0
9779-DPNEJ,0
9798-OPFEM,0
9799-CAYJJ,0
9812-GHVRI,0
9818-XQCUV,0
9819-FBNSV,0
9831-BPFRI,0
9837-FWLCH,0
9840-DVNDC,1
9845-QOMAD,0
9851-QXEEQ,1
9860-LISIZ,0
9866-QEVEE,1
9867-NNXLC,0
9874-QLCLH,1
9878-TNQGW,1
9885-AIBVB,1
9885-CSMWE,1
9888-ZCUMM,0
9891-NQDBD,0
9895-VFOXH,0
9898-KZQDZ,1
9904-EHEVJ,0
9906-NHHVC,0
9919-KNPOO,1
9921-EZKBY,0
9929-PLVPA,0
9940-RHLFB,1
9948-YPTDG,1
9953-ZMKSM,0
9955-QOPOY,0
9964-WBQDJ,0
9974-JFBHQ,0
9985-MWVIX,0
9986-BONCE,0
9992-UJOEL,0
9993-LHIEB,0
